{"single_rate_domestic": 8420.948090014681, "multi_rate_domestic": 10990.377429642622, "single_rate_nondomestic": 33300.67415333248, "multi_rate_nondomestic": 51327.20819883679}